Initial Cluster,Testing,Security,Research Support,Project Activity / Maintenance,Popularity / Engagement,Licensing & Compliance,Documentation,Dependency Analysis,Collaboration,Code Quality,Agile Process
0,0.005650297924799671,0.005342099856174234,6.692829258269981,3.418532977193343,2.0888637764536675,4.709574686665297,2.5690363673720977,0.06780357509759606,0.9900862954592151,0.06266694062050544,0.44380521882062873
1,0.5576689599352489,0.13719142047753946,6.0230675839740995,5.765277215702145,5.256576284904897,6.97059220288682,6.646836638338055,1.1779306623499257,5.778632132739782,1.0799946040739241,1.2509105625252934
